"","rod1","rod2","rod3","z_height"
"4",-5,0,4,0.947364766074821
"1",-5,0,3,1.05593560409714
"7",-5,0,5,1.08570253753042
"5",-4,0,4,1.10848996386977
"2",-4,0,3,1.1720708169731
"8",-4,0,5,1.3490737563232
"3",-3,0,3,1.35876782417012
"6",-3,0,4,1.45902364614149
"9",-3,0,5,1.58034806292791
